{
  "placeholderImages": [
    {
      "id": "hero-image",
      "description": "Clean illustration of documents and folders",
      "imageUrl": "https://images.unsplash.com/photo-1583322505342-830a7fa5304d?crop=entropy&cs=tinysrgb&fit=max&fm=jpg&ixid=M3w3NDE5ODJ8MHwxfHNlYXJjaHwyfHxmaWxlJTIwb3JnYW5pemF0aW9ufGVufDB8fHx8MTc2NTk0OTI1MHww&ixlib=rb-4.1.0&q=80&w=1080",
      "imageHint": "file organization clean"
    },
    {
      "id": "qr-code-placeholder",
      "description": "Placeholder QR code for UPI payment",
      "imageUrl": "https://images.unsplash.com/photo-1595079676339-1534801ad6cf?crop=entropy&cs=tinysrgb&fit=max&fm=jpg&ixid=M3w3NDE5ODJ8MHwxfHNlYXJjaHwxfHxxciUyMGNvZGV8ZW58MHx8fHwxNzY1ODU2NzgzfDA&ixlib=rb-4.1.0&q=80&w=1080",
      "imageHint": "qr code"
    }
  ]
}